{
  "assetCategories": {
    "surface": {
      "grass": {
        "lawn": {}
      }
    }
  },
  "averageColor": "#9A9A52",
  "categories": [
    "surface",
    "grass",
    "lawn"
  ],
  "comp_version": 1,
  "displacementBias": 0.387608,
  "displacementCalibrationAccuracy": 0.974187,
  "displacementScale": 1.107766,
  "environment": {
    "biome": "mediterranean-forest",
    "region": "Middle East"
  },
  "highest_available_res": 4096,
  "id": "ogiqE0",
  "json": {
    "contentLength": 11947,
    "uri": "ogiqE0.json"
  },
  "maps": [
    {
      "averageColor": "#A3A3A3",
      "bitDepth": 16,
      "colorSpace": "sRGB",
      "contentLength": 29372682,
      "maxIntensity": 207,
      "mimeType": "image/x-exr",
      "minIntensity": 118,
      "name": "AO",
      "physicalSize": "1x1",
      "resolution": "4096x4096",
      "type": "ao",
      "uri": "ogiqE0_4K_AO.exr"
    },
    {
      "averageColor": "#A3A3A3",
      "bitDepth": 8,
      "colorSpace": "sRGB",
      "contentLength": 6167980,
      "maxIntensity": 207,
      "mimeType": "image/jpeg",
      "minIntensity": 118,
      "name": "AO",
      "physicalSize": "1x1",
      "resolution": "4096x4096",
      "type": "ao",
      "uri": "ogiqE0_4K_AO.jpg"
    },
    {
      "averageColor": "#9A9A52",
      "bitDepth": 16,
      "colorSpace": "sRGB",
      "contentLength": 49912231,
      "maxIntensity": 155,
      "mimeType": "image/x-exr",
      "minIntensity": 131,
      "name": "Basecolor",
      "physicalSize": "1x1",
      "resolution": "4096x4096",
      "type": "basecolor",
      "uri": "ogiqE0_4K_Basecolor.exr"
    },
    {
      "averageColor": "#9A9A52",
      "bitDepth": 8,
      "colorSpace": "sRGB",
      "contentLength": 5658413,
      "maxIntensity": 155,
      "mimeType": "image/jpeg",
      "minIntensity": 131,
      "name": "Basecolor",
      "physicalSize": "1x1",
      "resolution": "4096x4096",
      "type": "basecolor",
      "uri": "ogiqE0_4K_Basecolor.jpg"
    },
    {
      "averageColor": "#808080",
      "bitDepth": 16,
      "colorSpace": "Linear",
      "contentLength": 25777358,
      "maxIntensity": 155,
      "mimeType": "image/x-exr",
      "minIntensity": 103,
      "name": "Bump",
      "physicalSize": "1x1",
      "resolution": "4096x4096",
      "type": "bump",
      "uri": "ogiqE0_4K_Bump.exr"
    },
    {
      "averageColor": "#808080",
      "bitDepth": 8,
      "colorSpace": "Linear",
      "contentLength": 3608409,
      "maxIntensity": 155,
      "mimeType": "image/jpeg",
      "minIntensity": 103,
      "name": "Bump",
      "physicalSize": "1x1",
      "resolution": "4096x4096",
      "type": "bump",
      "uri": "ogiqE0_4K_Bump.jpg"
    },
    {
      "averageColor": "#464646",
      "bitDepth": 16,
      "colorSpace": "sRGB",
      "contentLength": 31062283,
      "maxIntensity": 115,
      "mimeType": "image/x-exr",
      "minIntensity": 0,
      "name": "Cavity",
      "physicalSize": "1x1",
      "resolution": "4096x4096",
      "type": "cavity",
      "uri": "ogiqE0_4K_Cavity.exr"
    },
    {
      "averageColor": "#464646",
      "bitDepth": 8,
      "colorSpace": "sRGB",
      "contentLength": 5574148,
      "maxIntensity": 115,
      "mimeType": "image/jpeg",
      "minIntensity": 0,
      "name": "Cavity",
      "physicalSize": "1x1",
      "resolution": "4096x4096",
      "type": "cavity",
      "uri": "ogiqE0_4K_Cavity.jpg"
    },
    {
      "averageColor": "#808080",
      "bitDepth": 32,
      "colorSpace": "Linear",
      "contentLength": 66210892,
      "maxIntensity": 144,
      "mimeType": "image/x-exr",
      "minIntensity": 113,
      "name": "Displacement",
      "physicalSize": "1x1",
      "resolution": "4096x4096",
      "type": "displacement",
      "uri": "ogiqE0_4K_Displacement.exr"
    },
    {
      "averageColor": "#808080",
      "bitDepth": 8,
      "colorSpace": "Linear",
      "contentLength": 2191100,
      "maxIntensity": 144,
      "mimeType": "image/jpeg",
      "minIntensity": 113,
      "name": "Displacement",
      "physicalSize": "1x1",
      "resolution": "4096x4096",
      "type": "displacement",
      "uri": "ogiqE0_4K_Displacement.jpg"
    },
    {
      "averageColor": "#353535",
      "bitDepth": 16,
      "colorSpace": "Linear",
      "contentLength": 38286522,
      "maxIntensity": 78,
      "mimeType": "image/x-exr",
      "minIntensity": 27,
      "name": "Gloss",
      "physicalSize": "1x1",
      "resolution": "4096x4096",
      "type": "gloss",
      "uri": "ogiqE0_4K_Gloss.exr"
    },
    {
      "averageColor": "#353535",
      "bitDepth": 8,
      "colorSpace": "Linear",
      "contentLength": 7616073,
      "maxIntensity": 78,
      "mimeType": "image/jpeg",
      "minIntensity": 27,
      "name": "Gloss",
      "physicalSize": "1x1",
      "resolution": "4096x4096",
      "type": "gloss",
      "uri": "ogiqE0_4K_Gloss.jpg"
    },
    {
      "averageColor": "#7F7FFB",
      "bitDepth": 16,
      "colorSpace": "Linear",
      "contentLength": 54322773,
      "maxIntensity": 161,
      "mimeType": "image/x-exr",
      "minIntensity": 118,
      "name": "Normal",
      "physicalSize": "1x1",
      "resolution": "4096x4096",
      "type": "normal",
      "uri": "ogiqE0_4K_Normal.exr"
    },
    {
      "averageColor": "#7F7FFB",
      "bitDepth": 8,
      "colorSpace": "Linear",
      "contentLength": 8548308,
      "maxIntensity": 161,
      "mimeType": "image/jpeg",
      "minIntensity": 118,
      "name": "Normal",
      "physicalSize": "1x1",
      "resolution": "4096x4096",
      "type": "normal",
      "uri": "ogiqE0_4K_Normal.jpg"
    },
    {
      "averageColor": "#C8C8C8",
      "bitDepth": 16,
      "colorSpace": "Linear",
      "contentLength": 41469016,
      "maxIntensity": 220,
      "mimeType": "image/x-exr",
      "minIntensity": 181,
      "name": "Roughness",
      "physicalSize": "1x1",
      "resolution": "4096x4096",
      "type": "roughness",
      "uri": "ogiqE0_4K_Roughness.exr"
    },
    {
      "averageColor": "#C8C8C8",
      "bitDepth": 8,
      "colorSpace": "Linear",
      "contentLength": 7355098,
      "maxIntensity": 220,
      "mimeType": "image/jpeg",
      "minIntensity": 181,
      "name": "Roughness",
      "physicalSize": "1x1",
      "resolution": "4096x4096",
      "type": "roughness",
      "uri": "ogiqE0_4K_Roughness.jpg"
    },
    {
      "averageColor": "#080808",
      "bitDepth": 16,
      "colorSpace": "sRGB",
      "contentLength": 63672541,
      "maxIntensity": 24,
      "mimeType": "image/x-exr",
      "minIntensity": 0,
      "name": "Specular",
      "physicalSize": "1x1",
      "resolution": "4096x4096",
      "type": "specular",
      "uri": "ogiqE0_4K_Specular.exr"
    },
    {
      "averageColor": "#080808",
      "bitDepth": 8,
      "colorSpace": "sRGB",
      "contentLength": 2527003,
      "maxIntensity": 24,
      "mimeType": "image/jpeg",
      "minIntensity": 0,
      "name": "Specular",
      "physicalSize": "1x1",
      "resolution": "4096x4096",
      "type": "specular",
      "uri": "ogiqE0_4K_Specular.jpg"
    }
  ],
  "meta": [
    {
      "key": "scanArea",
      "name": "Scan Area",
      "value": "1x1 m"
    },
    {
      "key": "height",
      "name": "Height",
      "value": "0.024 m"
    },
    {
      "key": "tileable",
      "name": "Tileable",
      "value": true
    },
    {
      "key": "texelDensity",
      "name": "Texel Density",
      "value": "4096 px/m"
    },
    {
      "key": "calibration",
      "name": "Calibration",
      "value": "X-Rite ColorChecker Classic"
    },
    {
      "key": "scanner",
      "name": "Scanner",
      "value": "MKI"
    }
  ],
  "models": [],
  "name": "Grass Cut",
  "pack": null,
  "physicalSize": "1x1",
  "points": 2,
  "previews": {
    "images": [
      {
        "contentLength": 257307,
        "resolution": "360x360",
        "tags": [
          "thumb"
        ],
        "uri": "ogiqE0_Grid_360.png"
      },
      {
        "contentLength": 350210,
        "resolution": "420x420",
        "tags": [
          "thumb"
        ],
        "uri": "ogiqE0_Grid_420.png"
      },
      {
        "contentLength": 1042472,
        "resolution": "720x720",
        "tags": [
          "thumb",
          "retina"
        ],
        "uri": "ogiqE0_Grid_720.png"
      },
      {
        "contentLength": 1423846,
        "resolution": "840x840",
        "tags": [
          "thumb",
          "retina"
        ],
        "uri": "ogiqE0_Grid_840.png"
      },
      {
        "contentLength": 2893923,
        "resolution": "1440x768",
        "tags": [
          "preview",
          "clay"
        ],
        "uri": "ogiqE0_PopupClay_1440.png"
      },
      {
        "contentLength": 5412751,
        "resolution": "1920x1080",
        "tags": [
          "preview",
          "clay"
        ],
        "uri": "ogiqE0_PopupClay_1920.png"
      },
      {
        "contentLength": 11446059,
        "resolution": "2880x1536",
        "tags": [
          "preview",
          "clay",
          "retina"
        ],
        "uri": "ogiqE0_PopupClay_2880.png"
      },
      {
        "contentLength": 22390985,
        "resolution": "3840x2160",
        "tags": [
          "preview",
          "clay",
          "retina"
        ],
        "uri": "ogiqE0_PopupClay_3840.png"
      },
      {
        "contentLength": 3347136,
        "resolution": "1440x768",
        "tags": [
          "preview",
          "tiled"
        ],
        "uri": "ogiqE0_PopupTiled_1440.png"
      },
      {
        "contentLength": 6280592,
        "resolution": "1920x1080",
        "tags": [
          "preview",
          "tiled"
        ],
        "uri": "ogiqE0_PopupTiled_1920.png"
      },
      {
        "contentLength": 13440632,
        "resolution": "2880x1536",
        "tags": [
          "preview",
          "tiled",
          "retina"
        ],
        "uri": "ogiqE0_PopupTiled_2880.png"
      },
      {
        "contentLength": 25774137,
        "resolution": "3840x2160",
        "tags": [
          "preview",
          "tiled",
          "retina"
        ],
        "uri": "ogiqE0_PopupTiled_3840.png"
      },
      {
        "contentLength": 3365519,
        "resolution": "1440x768",
        "tags": [
          "preview"
        ],
        "uri": "ogiqE0_Popup_1440.png"
      },
      {
        "contentLength": 6331953,
        "resolution": "1920x1080",
        "tags": [
          "preview"
        ],
        "uri": "ogiqE0_Popup_1920.png"
      },
      {
        "contentLength": 13491317,
        "resolution": "2880x1536",
        "tags": [
          "preview",
          "retina"
        ],
        "uri": "ogiqE0_Popup_2880.png"
      },
      {
        "contentLength": 25907183,
        "resolution": "3840x2160",
        "tags": [
          "preview",
          "retina"
        ],
        "uri": "ogiqE0_Popup_3840.png"
      }
    ],
    "relativeSize": "1x1"
  },
  "process_date": "2024-04-17 22:15:22",
  "properties": [
    {
      "key": "orientation",
      "value": "floor"
    }
  ],
  "referencePreviews": {
    "maps": [],
    "models": []
  },
  "references": [],
  "revised": false,
  "semanticTags": {
    "architectural_style": {},
    "asset_type": "surface",
    "color": [
      "green"
    ],
    "contains": [
      "grass"
    ],
    "environment": [
      "rural",
      "urban"
    ],
    "industry": [
      "archviz",
      "games",
      "VFX"
    ],
    "interior_exterior": [
      "exterior"
    ],
    "locations": {
      "Global": {
        "Global": {}
      }
    },
    "maxSize": 1,
    "minSize": 1,
    "name": "Grass Cut",
    "orientation": [
      "floor"
    ],
    "resolution": 4096,
    "state": [
      "old"
    ],
    "subject_matter": "manmade",
    "theme": [
      "short",
      " cut",
      "  lawn"
    ]
  },
  "tags": [
    "light",
    "green",
    "archviz"
  ],
  "texelDensity": 4096,
  "texture_type": "basic",
  "ue_plugin_archives": [
    {
      "contentLength": 95996396,
      "gltfVersion": "2.0",
      "tier": 1,
      "type": "gltf",
      "uri": "ue_plugin_archives/tier_1/ogiqE0_tier_1.zip",
      "version": 1
    },
    {
      "contentLength": 26344964,
      "gltfVersion": "2.0",
      "tier": 2,
      "type": "gltf",
      "uri": "ue_plugin_archives/tier_2/ogiqE0_tier_2.zip",
      "version": 1
    },
    {
      "contentLength": 2396401,
      "gltfVersion": "2.0",
      "tier": 3,
      "type": "gltf",
      "uri": "ue_plugin_archives/tier_3/ogiqE0_tier_3.zip",
      "version": 1
    }
  ],
  "version": 2
}