{
  "assetCategories": {
    "surface": {
      "snow": {
        "pure": {}
      }
    }
  },
  "averageColor": "#D1CCC9",
  "categories": [
    "surface",
    "ground",
    "snow"
  ],
  "comp_version": 1,
  "displacementBias": 0.490728,
  "displacementCalibrationAccuracy": 0.999612,
  "displacementScale": 0.094759,
  "environment": {
    "biome": "mediterranean-forest",
    "region": "Scandinavia"
  },
  "highest_available_res": 4096,
  "id": "qbAr20",
  "json": {
    "contentLength": 11933,
    "uri": "qbAr20.json"
  },
  "maps": [
    {
      "averageColor": "#FFFFFF",
      "bitDepth": 32,
      "colorSpace": "sRGB",
      "contentLength": 25804346,
      "maxIntensity": 255,
      "mimeType": "image/x-exr",
      "minIntensity": 0,
      "name": "AO",
      "physicalSize": "0.3x0.3",
      "resolution": "4096x4096",
      "type": "ao",
      "uri": "qbAr20_4K_AO.exr"
    },
    {
      "averageColor": "#FFFFFF",
      "bitDepth": 8,
      "colorSpace": "sRGB",
      "contentLength": 216956,
      "maxIntensity": 255,
      "mimeType": "image/jpeg",
      "minIntensity": 0,
      "name": "AO",
      "physicalSize": "0.3x0.3",
      "resolution": "4096x4096",
      "type": "ao",
      "uri": "qbAr20_4K_AO.jpg"
    },
    {
      "averageColor": "#D1CCC9",
      "bitDepth": 16,
      "colorSpace": "sRGB",
      "contentLength": 41230271,
      "maxIntensity": 210,
      "mimeType": "image/x-exr",
      "minIntensity": 200,
      "name": "Basecolor",
      "physicalSize": "0.3x0.3",
      "resolution": "4096x4096",
      "type": "basecolor",
      "uri": "qbAr20_4K_Basecolor.exr"
    },
    {
      "averageColor": "#D1CCC9",
      "bitDepth": 8,
      "colorSpace": "sRGB",
      "contentLength": 1613719,
      "maxIntensity": 210,
      "mimeType": "image/jpeg",
      "minIntensity": 200,
      "name": "Basecolor",
      "physicalSize": "0.3x0.3",
      "resolution": "4096x4096",
      "type": "basecolor",
      "uri": "qbAr20_4K_Basecolor.jpg"
    },
    {
      "averageColor": "#818181",
      "bitDepth": 32,
      "colorSpace": "Linear",
      "contentLength": 51609858,
      "maxIntensity": 129,
      "mimeType": "image/x-exr",
      "minIntensity": 128,
      "name": "Bump",
      "physicalSize": "0.3x0.3",
      "resolution": "4096x4096",
      "type": "bump",
      "uri": "qbAr20_4K_Bump.exr"
    },
    {
      "averageColor": "#818181",
      "bitDepth": 8,
      "colorSpace": "Linear",
      "contentLength": 1254558,
      "maxIntensity": 129,
      "mimeType": "image/jpeg",
      "minIntensity": 128,
      "name": "Bump",
      "physicalSize": "0.3x0.3",
      "resolution": "4096x4096",
      "type": "bump",
      "uri": "qbAr20_4K_Bump.jpg"
    },
    {
      "averageColor": "#FFFFFF",
      "bitDepth": 32,
      "colorSpace": "sRGB",
      "contentLength": 13353114,
      "maxIntensity": 255,
      "mimeType": "image/x-exr",
      "minIntensity": 0,
      "name": "Cavity",
      "physicalSize": "0.3x0.3",
      "resolution": "4096x4096",
      "type": "cavity",
      "uri": "qbAr20_4K_Cavity.exr"
    },
    {
      "averageColor": "#FFFFFF",
      "bitDepth": 8,
      "colorSpace": "sRGB",
      "contentLength": 217037,
      "maxIntensity": 255,
      "mimeType": "image/jpeg",
      "minIntensity": 0,
      "name": "Cavity",
      "physicalSize": "0.3x0.3",
      "resolution": "4096x4096",
      "type": "cavity",
      "uri": "qbAr20_4K_Cavity.jpg"
    },
    {
      "averageColor": "#818181",
      "bitDepth": 32,
      "colorSpace": "Linear",
      "contentLength": 63601763,
      "maxIntensity": 133,
      "mimeType": "image/x-exr",
      "minIntensity": 124,
      "name": "Displacement",
      "physicalSize": "0.3x0.3",
      "resolution": "4096x4096",
      "type": "displacement",
      "uri": "qbAr20_4K_Displacement.exr"
    },
    {
      "averageColor": "#818181",
      "bitDepth": 8,
      "colorSpace": "Linear",
      "contentLength": 1718441,
      "maxIntensity": 133,
      "mimeType": "image/jpeg",
      "minIntensity": 124,
      "name": "Displacement",
      "physicalSize": "0.3x0.3",
      "resolution": "4096x4096",
      "type": "displacement",
      "uri": "qbAr20_4K_Displacement.jpg"
    },
    {
      "averageColor": "#0A0A0A",
      "bitDepth": 32,
      "colorSpace": "Linear",
      "contentLength": 67104576,
      "maxIntensity": 20,
      "mimeType": "image/x-exr",
      "minIntensity": 0,
      "name": "Gloss",
      "physicalSize": "0.3x0.3",
      "resolution": "4096x4096",
      "type": "gloss",
      "uri": "qbAr20_4K_Gloss.exr"
    },
    {
      "averageColor": "#0A0A0A",
      "bitDepth": 8,
      "colorSpace": "Linear",
      "contentLength": 5943636,
      "maxIntensity": 20,
      "mimeType": "image/jpeg",
      "minIntensity": 0,
      "name": "Gloss",
      "physicalSize": "0.3x0.3",
      "resolution": "4096x4096",
      "type": "gloss",
      "uri": "qbAr20_4K_Gloss.jpg"
    },
    {
      "averageColor": "#7F7FFF",
      "bitDepth": 16,
      "colorSpace": "Linear",
      "contentLength": 36374061,
      "maxIntensity": 146,
      "mimeType": "image/x-exr",
      "minIntensity": 136,
      "name": "Normal",
      "physicalSize": "0.3x0.3",
      "resolution": "4096x4096",
      "type": "normal",
      "uri": "qbAr20_4K_Normal.exr"
    },
    {
      "averageColor": "#7F7FFF",
      "bitDepth": 8,
      "colorSpace": "Linear",
      "contentLength": 2143330,
      "maxIntensity": 146,
      "mimeType": "image/jpeg",
      "minIntensity": 136,
      "name": "Normal",
      "physicalSize": "0.3x0.3",
      "resolution": "4096x4096",
      "type": "normal",
      "uri": "qbAr20_4K_Normal.jpg"
    },
    {
      "averageColor": "#EEEEEE",
      "bitDepth": 32,
      "colorSpace": "Linear",
      "contentLength": 57882202,
      "maxIntensity": 249,
      "mimeType": "image/x-exr",
      "minIntensity": 229,
      "name": "Roughness",
      "physicalSize": "0.3x0.3",
      "resolution": "4096x4096",
      "type": "roughness",
      "uri": "qbAr20_4K_Roughness.exr"
    },
    {
      "averageColor": "#EEEEEE",
      "bitDepth": 8,
      "colorSpace": "Linear",
      "contentLength": 6008980,
      "maxIntensity": 249,
      "mimeType": "image/jpeg",
      "minIntensity": 229,
      "name": "Roughness",
      "physicalSize": "0.3x0.3",
      "resolution": "4096x4096",
      "type": "roughness",
      "uri": "qbAr20_4K_Roughness.jpg"
    },
    {
      "averageColor": "#353535",
      "bitDepth": 16,
      "colorSpace": "sRGB",
      "contentLength": 427276,
      "maxIntensity": 53,
      "mimeType": "image/x-exr",
      "minIntensity": 53,
      "name": "Specular",
      "physicalSize": "0.3x0.3",
      "resolution": "4096x4096",
      "type": "specular",
      "uri": "qbAr20_4K_Specular.exr"
    },
    {
      "averageColor": "#353535",
      "bitDepth": 8,
      "colorSpace": "sRGB",
      "contentLength": 217001,
      "maxIntensity": 53,
      "mimeType": "image/jpeg",
      "minIntensity": 53,
      "name": "Specular",
      "physicalSize": "0.3x0.3",
      "resolution": "4096x4096",
      "type": "specular",
      "uri": "qbAr20_4K_Specular.jpg"
    }
  ],
  "meta": [
    {
      "key": "scanArea",
      "name": "Scan Area",
      "value": "0.3x0.3 m"
    },
    {
      "key": "height",
      "name": "Height",
      "value": "0.007 m"
    },
    {
      "key": "tileable",
      "name": "Tileable",
      "value": true
    },
    {
      "key": "texelDensity",
      "name": "Texel Density",
      "value": "11419 px/m"
    },
    {
      "key": "calibration",
      "name": "Calibration",
      "value": "X-Rite ColorChecker Classic"
    },
    {
      "key": "scanner",
      "name": "Scanner",
      "value": "SEM-MKII"
    }
  ],
  "models": [],
  "name": "Snow",
  "pack": null,
  "physicalSize": "0.3x0.3",
  "points": 2,
  "previews": {
    "images": [
      {
        "contentLength": 136238,
        "resolution": "360x360",
        "tags": [
          "thumb"
        ],
        "uri": "qbAr20_Grid_360.png"
      },
      {
        "contentLength": 182027,
        "resolution": "420x420",
        "tags": [
          "thumb"
        ],
        "uri": "qbAr20_Grid_420.png"
      },
      {
        "contentLength": 515664,
        "resolution": "720x720",
        "tags": [
          "thumb",
          "retina"
        ],
        "uri": "qbAr20_Grid_720.png"
      },
      {
        "contentLength": 699127,
        "resolution": "840x840",
        "tags": [
          "thumb",
          "retina"
        ],
        "uri": "qbAr20_Grid_840.png"
      },
      {
        "contentLength": 1964430,
        "resolution": "1440x768",
        "tags": [
          "preview",
          "clay"
        ],
        "uri": "qbAr20_PopupClay_1440.png"
      },
      {
        "contentLength": 3670092,
        "resolution": "1920x1080",
        "tags": [
          "preview",
          "clay"
        ],
        "uri": "qbAr20_PopupClay_1920.png"
      },
      {
        "contentLength": 7825059,
        "resolution": "2880x1536",
        "tags": [
          "preview",
          "clay",
          "retina"
        ],
        "uri": "qbAr20_PopupClay_2880.png"
      },
      {
        "contentLength": 14874880,
        "resolution": "3840x2160",
        "tags": [
          "preview",
          "clay",
          "retina"
        ],
        "uri": "qbAr20_PopupClay_3840.png"
      },
      {
        "contentLength": 1729256,
        "resolution": "1440x768",
        "tags": [
          "preview",
          "tiled"
        ],
        "uri": "qbAr20_PopupTiled_1440.png"
      },
      {
        "contentLength": 3169451,
        "resolution": "1920x1080",
        "tags": [
          "preview",
          "tiled"
        ],
        "uri": "qbAr20_PopupTiled_1920.png"
      },
      {
        "contentLength": 6745966,
        "resolution": "2880x1536",
        "tags": [
          "preview",
          "tiled",
          "retina"
        ],
        "uri": "qbAr20_PopupTiled_2880.png"
      },
      {
        "contentLength": 12733413,
        "resolution": "3840x2160",
        "tags": [
          "preview",
          "tiled",
          "retina"
        ],
        "uri": "qbAr20_PopupTiled_3840.png"
      },
      {
        "contentLength": 1728352,
        "resolution": "1440x768",
        "tags": [
          "preview"
        ],
        "uri": "qbAr20_Popup_1440.png"
      },
      {
        "contentLength": 3184771,
        "resolution": "1920x1080",
        "tags": [
          "preview"
        ],
        "uri": "qbAr20_Popup_1920.png"
      },
      {
        "contentLength": 6784466,
        "resolution": "2880x1536",
        "tags": [
          "preview",
          "retina"
        ],
        "uri": "qbAr20_Popup_2880.png"
      },
      {
        "contentLength": 12895248,
        "resolution": "3840x2160",
        "tags": [
          "preview",
          "retina"
        ],
        "uri": "qbAr20_Popup_3840.png"
      }
    ],
    "relativeSize": "1x1"
  },
  "process_date": "2024-04-17 18:57:26",
  "properties": [],
  "referencePreviews": {
    "maps": [],
    "models": []
  },
  "references": [],
  "revised": false,
  "semanticTags": {
    "architectural_style": {},
    "asset_type": "surface",
    "color": [
      "white"
    ],
    "contains": [
      "snow"
    ],
    "environment": [
      "tundra biome",
      "taiga biome",
      "urban",
      "rural"
    ],
    "industry": [
      "archviz",
      "games",
      "VFX"
    ],
    "interior_exterior": [],
    "locations": {
      "Global": {
        "Global": {}
      }
    },
    "maxSize": 0.3,
    "minSize": 0.3,
    "name": "Snow",
    "orientation": [],
    "resolution": 4096,
    "state": [
      "old"
    ],
    "subject_matter": "nature",
    "theme": [
      "ground"
    ]
  },
  "tags": [
    "white",
    "bright",
    "clear",
    "archviz"
  ],
  "texelDensity": 13653,
  "texture_type": "basic",
  "ue_plugin_archives": [
    {
      "contentLength": 57127280,
      "gltfVersion": "2.0",
      "tier": 1,
      "type": "gltf",
      "uri": "ue_plugin_archives/tier_1/qbAr20_tier_1.zip",
      "version": 1
    },
    {
      "contentLength": 14477550,
      "gltfVersion": "2.0",
      "tier": 2,
      "type": "gltf",
      "uri": "ue_plugin_archives/tier_2/qbAr20_tier_2.zip",
      "version": 1
    },
    {
      "contentLength": 817975,
      "gltfVersion": "2.0",
      "tier": 3,
      "type": "gltf",
      "uri": "ue_plugin_archives/tier_3/qbAr20_tier_3.zip",
      "version": 1
    }
  ],
  "version": 2
}